<cartridge_basiclti_link xmlns="http://www.imsglobal.org/xsd/imslticc_v1p3" xmlns:blti="http://www.imsglobal.org/xsd/imsbasiclti_v1p0" xmlns:lticm="http://www.imsglobal.org/xsd/imslticm_v1p0" xmlns:lticp="http://www.imsglobal.org/xsd/imslticp_v1p0" xmlns:xsi="http://www.w3.org/2001/XMLSchema-instance" xsi:schemaLocation="http://www.imsglobal.org/xsd/imslticc_v1p3 http://www.imsglobal.org/xsd/lti/ltiv1p3/imslticc_v1p3.xsd                      http://www.imsglobal.org/xsd/imslticp_v1p0 http://www.imsglobal.org/xsd/lti/ltiv1p0/imslticp_v1p0.xsd                      http://www.imsglobal.org/xsd/imslticm_v1p0 http://www.imsglobal.org/xsd/lti/ltiv1p0/imslticm_v1p0.xsd                      http://www.imsglobal.org/xsd/imsbasiclti_v1p0 http://www.imsglobal.org/xsd/lti/ltiv1p0/imsbasiclti_v1p0p1.xsd">
<blti:title>Lesson 3.10: Fermentation</blti:title>
<blti:description></blti:description>
<blti:launch_url>https://mvu.coursearc.com/index.php?cID=45562&amp;courseKey=qEEftCbZDaHy</blti:launch_url>
<blti:vendor>
<lticp:code>D2L</lticp:code>
<lticp:name>Brightspace</lticp:name>
</blti:vendor>
</cartridge_basiclti_link>